Feature,Importance
Daily_Usage_Mins,0.6682601217018035
Login_Frequency,0.28729693638128717
Account_Age_Days,0.044442941916909305
